category,title,tags
smartphones,Айфон 16 128гб,смартфон;iphone;iphone 16;айфон;apple;128gb;128гб
smartphones,iPhone 16 Pro Max 256GB,смартфон;iphone;iphone 16 pro max;apple;256gb
smartphones,Айфон 15 Pro 256 гб,смартфон;iphone;iphone 15 pro;айфон;apple;256gb;256гб
smartphones,iPhone 14 128GB,смартфон;iphone;iphone 14;apple;128gb
smartphones,Samsung Galaxy S24 Ultra,смартфон;samsung;galaxy s24 ultra;android
smartphones,Самсунг Galaxy S23 256GB,смартфон;samsung;galaxy s23;android;256gb;256гб
smartphones,Xiaomi Redmi Note 13,смартфон;xiaomi;redmi note 13;android
smartphones,Redmi Note 12 Pro 128GB,смартфон;xiaomi;redmi note 12 pro;android;128gb
smartphones,Google Pixel 8 128GB,смартфон;google pixel;pixel 8;android;128gb
smartphones,Huawei Pura 70,смартфон;huawei;pura 70;android
smartphones,Honor 90 256GB,смартфон;honor;android;256gb
smartphones,OnePlus 12 512GB,смартфон;oneplus;oneplus 12;android;512gb
smartphones,iPhone 16 128GB,смартфон;iphone;iphone 16;apple;128gb;128гб
smartphones,iPhone 16 256GB,смартфон;iphone;iphone 16;apple;256gb;256гб
smartphones,Айфон 16 128 гб черный,смартфон;iphone;iphone 16;айфон;apple;128gb;128гб
smartphones,Айфон 16 256 гб белый,смартфон;iphone;iphone 16;айфон;apple;256gb;256гб
smartphones,iPhone 16 512GB black,смартфон;iphone;iphone 16;apple;512gb;512гб
smartphones,iPhone 16 128GB pink,смартфон;iphone;iphone 16;apple;128gb;128гб
smartphones,Apple iPhone 16 256GB,смартфон;iphone;iphone 16;apple;256gb;256гб
smartphones,Айфон 16 обычный 128гб,смартфон;iphone;iphone 16;айфон;apple;128gb;128гб
smartphones,Продам iPhone 16 128GB,смартфон;iphone;iphone 16;apple;128gb;128гб
smartphones,iPhone 16 256GB unlocked,смартфон;iphone;iphone 16;apple;256gb;256гб
smartphones,Айфон 16 Pro 128 гб,смартфон;iphone;iphone 16 pro;айфон;apple;128gb;128гб
smartphones,Айфон 16 Pro Max 512 гб,смартфон;iphone;iphone 16 pro max;айфон;apple;512gb;512гб
smartphones,iPhone 15 128GB,смартфон;iphone;iphone 15;apple;128gb
smartphones,iPhone 15 Pro Max 512GB,смартфон;iphone;iphone 15 pro max;apple;512gb
smartphones,Айфон 14 Pro 256гб,смартфон;iphone;iphone 14 pro;айфон;apple;256gb;256гб
smartphones,iPhone 13 mini 128GB,смартфон;iphone;iphone 13 mini;apple;128gb
smartphones,Apple iPhone SE 2022,смартфон;iphone;iphone se;apple
smartphones,Apple iPhone 12 64GB,смартфон;iphone;iphone 12;apple;64gb;64гб
smartphones,Samsung Galaxy A55 128GB,смартфон;samsung;galaxy a55;android;128gb
smartphones,Samsung Galaxy Z Fold 5,смартфон;samsung;galaxy z fold;android
smartphones,Xiaomi 14 512GB,смартфон;xiaomi;xiaomi 14;android;512gb
smartphones,Realme 12 Pro 256GB,смартфон;realme;realme 12 pro;android;256gb
smartphones,Poco X6 Pro 512GB,смартфон;poco;poco x6 pro;android;512gb
laptops,MacBook Air M2 256GB,ноутбук;macbook;macbook air;apple;m2;256gb
laptops,MacBook Air M2 512GB,ноутбук;macbook;macbook air;apple;m2;512gb
laptops,Apple MacBook Air M2 13,ноутбук;macbook;macbook air;apple;m2
laptops,Макбук Air M2 256 гб,ноутбук;macbook;macbook air;apple;m2;256gb;256гб
laptops,MacBook Air M2 8GB 256GB,ноутбук;macbook;macbook air;apple;m2;256gb
laptops,MacBook Air M2 midnight,ноутбук;macbook;macbook air;apple;m2
laptops,MacBook Air M2 silver,ноутбук;macbook;macbook air;apple;m2
laptops,Продам MacBook Air M2,ноутбук;macbook;macbook air;apple;m2
laptops,Макбук Air M1 256 гб,ноутбук;macbook;macbook air;apple;m1;256gb;256гб
laptops,MacBook Pro 14 M3 512GB,ноутбук;macbook;macbook pro;apple;m3;512gb
laptops,Lenovo ThinkPad X1 Carbon,ноутбук;lenovo;thinkpad;x1 carbon
laptops,Lenovo IdeaPad 15 Ryzen 5,ноутбук;lenovo;ideapad;ryzen 5
laptops,ASUS VivoBook 15,ноутбук;asus;vivobook
laptops,ASUS ROG Strix игровои ноутбук,ноутбук;asus;rog strix;игровой ноутбук
laptops,HP Pavilion 15 i5 512GB,ноутбук;hp;pavilion;intel i5;512gb
laptops,Dell XPS 13,ноутбук;dell;xps 13
laptops,Acer Aspire 5 16GB RAM,ноутбук;acer;aspire 5;16gb ram
laptops,MSI GF63 Thin игровой,ноутбук;msi;gf63;игровой ноутбук
laptops,Huawei MateBook D16,ноутбук;huawei;matebook d16
laptops,MacBook Air M3 512GB,ноутбук;macbook;macbook air;apple;m3;512gb
laptops,MacBook Pro 16 M2 Max,ноутбук;macbook;macbook pro;apple;m2 max
laptops,Apple MacBook Pro 13 M1,ноутбук;macbook;macbook pro;apple;m1
laptops,Lenovo Legion 5 RTX 4060,ноутбук;lenovo;legion;игровой ноутбук;rtx 4060
laptops,ASUS TUF Gaming A15,ноутбук;asus;tuf gaming;игровой ноутбук
laptops,HP Victus 16 RTX 3050,ноутбук;hp;victus;игровой ноутбук;rtx 3050
laptops,Dell Inspiron 15 i7,ноутбук;dell;inspiron;intel i7
laptops,Acer Nitro 5 игровой ноутбук,ноутбук;acer;nitro 5;игровой ноутбук
laptops,MSI Katana 15 RTX 4060,ноутбук;msi;katana;игровой ноутбук;rtx 4060
laptops,Honor MagicBook 16,ноутбук;honor;magicbook
